,URL,Genre,Modified,Context
0,https://archiveofourown.org/works/46990717,Romance,Hey Mastriani.Jess grinned leaning back against her bedroom door and relishing the sound of Robs voice through the tinny speaker of her cell phone. Between Robs hectic work and college schedule and her own classes and commitments to her family restaurants Jess Were so glad youve moved back home Because we really needed a hand with the new steam table at Joes. they had barely seen each other over the last three weeks.,Relishing moment of freedom from responsibilities
1,https://archiveofourown.org/works/27849038,Romance,Hi. Hows it going Long time no see. Hey I need a favor Jess Im madly in love with you and I swear I never cheated on you please please please come back to me Okay I admit I should have known that there was no way Id be able to plan what to say ahead of time. But I tried.,Desperate plea for love's return
2,https://archiveofourown.org/works/518190,Romance,Jess had fallen in love with the antique ring as soon as she first had laid eyes on it which unfortunately was after it was thrown across a garage. It was fine now and made a nice home for itself on the fourth finger on her left hand. It was beautiful really. She could look at it all night if it was up to her.,"Lovely Ring, Cozy Garage"
3,https://archiveofourown.org/works/27848862,Comedy,My mom was laughing at me.Oh she might think she was hiding it but I could tell. Just because she wasnt actually laughing out loud didnt mean she wasnt laughing. But then it wasnt really anything new for me. My mom had been laughing at me a lot lately sometimes out loud usually silently. And always for the same reason.Mastriani.,Overbearing mother ridicules son's crush
4,https://archiveofourown.org/works/27843667,Fiction,Mastriani Well duh you havent seen her in classes shes only 16 not a senior. You didnt seriously think she was did youI do have detention a lot and I admit I flunked Health the first time around because I never paid attention but generally I like to think Im a pretty smart guy.,16-year-old's unconvincing lie exposed in front of peers
5,https://archiveofourown.org/works/27848634,Fiction,She was home for three days before I even knew she was here.Jess Mastriani of course is the she. She didnt come home after that camp because she went to Ruths summer home and I guess once she was gone I just lost track of the time. So I didnt realize when she got home.Oh sure that shouldnt be a big deal. I know that.,She returned home unannounced after an extended absence.
6,https://archiveofourown.org/works/27848478,Adventure,It didnt work.Maybe I should have expected it Mastriani had already proven to me that she wasnt just taking no for an answer. But I mean her plan had worked. Her plan to rescue a kid and his mom from the Feds and hide her own psychic powers so theyd leave her alone too. And well it was a good plan really it was but it wasnt like shed even planned her plan.,DESPERATE RESCUE PLAN SUCCEEDED
7,https://archiveofourown.org/works/41961768,Romance,As I waited the snow began to fall and I started to regret telling Ruth that I didnt need her to wait with me. I stamped my feet thinking about Rob. His eyeshis shouldershisoops where was I Oh yes Rob and his apparent inability to make it to the student parking lot before the end of school.,Worried woman waits alone for a possible no-show date.
8,https://archiveofourown.org/works/4058347,Fantasy,I sat in the extremely crowded cafeteria of XX University reading my tablet as I ate my lunch. Of course I dont know why I even bothered reading the news on my device since it consisted of the same type of stories that were being featured for the past month the recent events revolving around the famous players of Life 2.,Boredom pervades crowded cafeteria
9,https://archiveofourown.org/works/38794902,Comedy,how surprising is when your parents come home from thier honeymoons without further notice .yet whats really more odd is that you have unexpected guests for dinner .which you didnt prepare yet you dont even have the slightest idea what to cook .argh too much for being the only one able to cook in this house .Feng Lan thought angrily .,Unexpected surprise dinner party chaos.
10,https://archiveofourown.org/works/38774439,Comedy,the begging As his eyes landed on princes real life figure when chasing Long Dian Cold fox couldnt help but notice that Prince is way smaller and thinner than his game self .a petite form height 163 meter not the slightest hint of muscles ...,"In a fantasy world, a prince stands out for his small stature."
11,https://archiveofourown.org/works/37031047,Drama,Two nurses set about cleaning up a small room life saving equipment strewn about. The longterm patient was in getting his weekly checkup. While the two of them cleaned they couldnt help but chat to themselves as they made sure everything was sterile and organized. The television was showing a nature show in the background.,Two nurses tidy hospital room during patient check-up
12,https://archiveofourown.org/works/30490095,Fiction,Intro Year 21xxTsukiko stretched and stepped into the teleporter.If there was one thing she really appreciated about the technological progress that had been made in the last few decades faster travel was it. While the magical world did have portals set between most of the major hubs the mundane world had placed their own teleporters between nearly all cities around the world.,Teleportation technology makes long-distance travel a breeze
13,https://archiveofourown.org/works/27744673,Fantasy,Prince sang drunkenly as he wandered the palace halls. He was king. He was alive. The spell of whatever monster he had just slain didnt even have any affects He just felt like he had a night out with Nan Gong Zui so of course he was having a good time before he had to go back to life as XiaoLan. She was boring and pressured and he wasnt ready for that.,Drunken palace wanderlust
14,https://archiveofourown.org/works/13823829,Fantasy,Game Start Harry browsed the game shelves loosely holding onto the one game hed come here specifically for. Hed never been a gamer not really having time the time what with the Dursleys and the Wizarding World basically controlling life but now he actually had a chance to try it out and if he could meet his little sister in the game all the better.,virtual reality realm quest
15,https://archiveofourown.org/works/16064690,Fiction,We did it was the first thought that ran through Feng Lans head when she awoke a triumphant grin stretching the sides of her face as she stared through the VR visor at her ceiling.The Dictator of Life was dead. Somehow against all odds theyd saved Second Life from being completely shut down. We did it We actually did itAnd yet......And yet...,Triumphant grin after saving virtual world
16,https://archiveofourown.org/works/14785772,Fantasy,Feng Lan Have you heard The new rumor about Second Life a strangers voice filled the cafe where Feng Lan sat sipping at her coffee with a book in front of her. She really did need to keep up with her homework a little better especially with how much of her time Second Life took these days.,Virtual world love triangle
17,https://archiveofourown.org/works/670002,Comedy,It just isnt fair Prince royally declared. He had whined er declared this during one of the meetings held by the department leaders of Infinite City. The meeting had almost reached its completion when he had declared this.You dont listen to my suggestions you dont seek my advice. Prince counted off two fingers here as he stood impressively not slouching a liege lord didnt slouch.,Petulant prince pouts in meeting
18,https://archiveofourown.org/works/3414113,Fiction,I woke up to ringing in my ears. I do not know were it came from or why I had heard it but I did. And now I fear that it ment something like a warning of some kind. A warning that I can not begin to understand. It started when I was 13.,Mysterious Ringing Begins at 13
19,https://archiveofourown.org/works/49524868,Fiction,What was the price of salvation If you asked different people in this world youd get varying answers.For some it was a chest full of gold. For some it was caught and killed deer for dinner. For some it was safety. For others It was much more than that.This was something that one Abby Griffin learned soon after she and the rest of the Ark people had landed on the ground.,"Price of salvation varied, ranging from gold to deer for dinner, safety & more."""
20,https://archiveofourown.org/works/50175604,Comedy,My dear fellow 100sAre you interested in reading this story Please let me know in the comments or with kudos This idea has been my main form of daydream entertainment which I would love to share with all of you But before I start writing my ass off I would like to know if any of you are interested in this prompt.With love I announceIm back bitches.,100s yearn for creative daydream entertainment.
21,https://archiveofourown.org/works/50060422,Thriller,The first patient died so quickly that Clarke Griffin had no time to even devise a treatment plan never mind begin one.She was an older woman from one of the Arks minor stations and by the time she stumbled into the med bay she was so sick that all Clarkes efforts to lower her soaring body temperature were in vain. No more than thirty minutes after she first appeared the woman was dead.,Med Bay Emergency
22,https://archiveofourown.org/works/46876951,Thriller,A disaster The girl should have been with the fleimkeepers long ago. Miss Queen if you dont mindPresident Kane spat the whitehaired woman successfully interrupting the middleaged man at the other end of the table. She is one of the UnknownShe could be the bringer of the key. One should give President Kane a huge amount of respect in consideration of his calm demeanor.She could kill us all There is no doubt about that.,Natural Disaster Hysteria
23,https://archiveofourown.org/works/43063080,Romance,Anya stood around the noisy club holding a ginger beer. It wasnt her preferred way to spend the evening but it had been a while since they had gone anywhere. She owed Luna a night out. At least that.Her mindless staring was interrupted by a sudden pawing against her arm. Her reflexes almost got the best of her before she noticed who was grabbing her.The girl was mesmerizing.,amidst noise and strobe lights
24,https://archiveofourown.org/works/40001133,Drama,As the bell rang Clarke took her seat third row center flanked on either side by the only two popular girls in honors English.Like so many of the decisions Clarke made where she sat was a strategic choice.Third row center put her directly in the teachers line of sight but she wouldnt look quite as overeager as she would if she sat in the front row.,"Third-row seat for optimal visibility, strategic placement to avoid overeagerness"
25,https://archiveofourown.org/works/48375862,Drama,The clans are restless in the throne room after learning of another Skaikru attack on a defenseless village. They demand vengeance from their commander and when she refused instead calling for a blockade of Arkadia a few men lunged at her small blades flashing from their belts before Titus and her guards intercede and swiftly put them down in bloody fashion.,Revenge demanded after attack
26,https://archiveofourown.org/works/48733810,Romance,The door slid open and the woman peered out to see a young boy with chestnut locks and bright blue eyes standing in front of her.Roman noticed that she had been crying for her eyes were red and swollen. Slipping his hands in the pockets of his worn jeans he greeted her.Hello Aunt Abby. He said awkwardly.,Young boy visits sobbing aunt
27,https://archiveofourown.org/works/50124406,Fiction,Six years. It had been six years since her grandfather had died. Clarke hadnt been particularly close with her grandfather Joseph Griffin but she had felt sad when he had died when Clarke was five years old. Still it wasnt like when her father Jake had died a year ago. She had adored her father. Worshipped him. Loved him more than anyone.,Family loss in the past.
28,https://archiveofourown.org/works/33214573,Fantasy,Omegaaaaaaaaaaaaaaaa. She could hear their snickers.Lexa cussed. What a royal fucking fumble. Games against Azgeda were always like this a call to war. They always knew how to get under her skin. Her teammate Robbins pulled her to her feet. The oppositions alpha captain grinned at her. You need some company tonight They all laughed. The Azgeda striker another fullofherself alpha kissed the air.Hey. Shake it off.,"""Soccer showdown amidst taunts"""
29,https://archiveofourown.org/works/41577129,Romance,Oh my godStop staringImmediatelyStop fiddling him with your eyes. Shit What can I do though since she caught me again while watching her brother He is extremely attractive. tall and having a wide shoulder. His twitching muscles make the hearts of all women bleed. His long dark brown hair is tied behind his head yet I can still feel how smooth and silky it is.,"Perfectly beautiful stranger, awkwardly caught admiring."
30,https://archiveofourown.org/works/50163031,Thriller,Ill go crazy if I dont find her. Ill take over the company whether the Manentes like it or not. He took off his jacket and undid the top button of his shirt then returned to looking out the window of the speeding limo in vain for her. One of his lieutenants responded something. Itll be better for everyone this way.,Desperate search for a missing woman
31,https://archiveofourown.org/works/44954974,Tragedy,He was angry.How dare sheHe loves herShe was his wifeIf only Nacho and Adriano never came around.So now here he was. In the hospital. He didnt like the thought of killing a newborn baby. But he wanted Laura back. He cant raise Nachos baby. He was heading to the delivery wing. He held flowers to look normal. He went to the front desk and asked for her room.,desire to reclaim lost love and reject unwanted
32,https://archiveofourown.org/works/40752285,Fiction,Sitting on my bed in my room alone has its pros. I can focus on everything thats going on around me and outside of my room. I have my legs crossed and eyes shut focusing on the voice outside in the hallway as they are getting louder and closer.My breathing got heavier and I played with the hem of my gym shirt on my lap while I still had my eyes closed.,Girl listens intently outside noise.
33,https://archiveofourown.org/works/28376058,Romance,Massimo is not always nice to the main character he has lots of issues but please remember it is just fiction and I do NOT condone any kind of abuse unhealthy relationships in real life.,Domineering Boyfriend  Struggles with Anger Issues
34,https://archiveofourown.org/works/49123000,Comedy,Attleboro Massachusetts It was a peaceful morning in the Cahill Mansion well not too peaceful. Dan had made a canon using fireworks as a prank it was hidden just in the backyard of the mansion. Ready asked Dan as he looked at Atticus who was going to light their handmade canon up. Ready Crack BOOM Amy who was inside the mansion flinched and immediately hid.,Family-Prank Gone Wrong
35,https://archiveofourown.org/works/47491063,Adventure,Amy Cahill loved mornings waking up at the crack of dawn to stare out the windows of the rebuilt mansion petting Saladin gingerly behind the ears. She however was not too excited to have the relatives of the entire younger generation mercy of Alistair Oh and Fiske Cahill whod also be attending.,Morning glory at grand estate with cousins visiting.
36,https://archiveofourown.org/works/44199565,Fiction,Amy Jonah Ham Ian uh I think were all here. I exhale. Um. Hi everyone.Sinead loops her arm around my shoulder reassuringly directing an almost imperceptible nod in the general direction of the camera. A silent vote of confidence.A shaky laugh escapes my lips. Well uh. This is awkward.Sinead shakes her head animatedly rolling her eyes. I duck my head below the camera lens to shoot her a deathstare.,The group uneasily attempts humor.
37,https://archiveofourown.org/works/518190,Romance,Jess had fallen in love with the antique ring as soon as she first had laid eyes on it which unfortunately was after it was thrown across a garage. It was fine now and made a nice home for itself on the fourth finger on her left hand. It was beautiful really. She could look at it all night if it was up to her.,Jess loves antique ring despite rough start.
38,https://archiveofourown.org/works/50103817,Horror,Come Aristia. He beckoned her over with a smile so wide it was as if he did not have a care in the world. As if he was not chained to his bed restraints digging into his skin so deeply the bone of his flesh was slightly visible. As if he was not dying. She straightened her back and walked briskly to him sitting down on the bed. Leave us.,"Chained man beckons, woman obeys."
39,https://archiveofourown.org/works/49582336,Adventure,In the empire of Castina Adeli Avielle daughter of Lord Zarin Avielle and his wife Ausra Avielle was born. Her two older brothers already adolescents accomplishing many things were not interested in her. In that case nor was her father. Lord Avielle was a traditional man. One who viewed those sticking to their roles as important. He had no need for a girl who wasnt of marriageable age and so he quickly moved on.,"Sister neglected, yearned for attention."
40,https://archiveofourown.org/works/36368953,Fantasy,Carsein why did you behave so rudely to Lady Aristia You hurt the young ladys feelings after she asked for your help. Duchess Erina Shana de Rass said with an irked mark on her forehead. This is not proper etiquette Carsein. The more I speak to you about etiquette and proper manners the more you do the opposite of what I teach.,"Lady Aristia requests help from Carsein, but is met with rudeness instead, causing hurt feelings."
41,https://archiveofourown.org/works/48344269,Mystery,Escribiendo algo random para despejar mi mente. Y en efecto es totalmente autoindulgente. Además de salirme de mi típica escritura linda graciosa y cómoda Si puede ser Por cierto hay algunos temas fuertes no aptos para menores de edad por lo cual la categoría de lectura esta puesta para mayores de edad entendido esto es responsabilidad de quien lo lea luego de esta advertencia.,The writer struggles with self-indulgence in their writing.
42,https://archiveofourown.org/works/41559654,Adventure,She stood rigid underneath the stares and scrutiny of the nobles around her. Whispering about how the Emperor had made a wise choice in discarding her as Empress Candidate and choosing another woman.Today is the eve of Ruve and Jieuns wedding and people are again criticizing Aristia La Monique. For not being able to bear a child. For being too headstrong. For her choice to go down the path of a Knight.,She faces nobles' scathing judgement for imperial candidacy rejection.
43,https://archiveofourown.org/works/36690616,Romance,Queen Aristia la Monique laid on her bed after her father left to help her get out of the Castina Palace. It had only been a day since then. However a day felt like years to her. Aristia had to put her work aside because she was feeling nauseous recently. She thought it was because of the miscarriage but from what the doctor told her it should be similar to her period cycle.,Trapped princess yearns for freedom
44,https://archiveofourown.org/works/17861486,Fantasy,The Castina Empire is the only empire on this continent and has a proud history that began more than thousands of years ago. However it has been declining due to 32nd Emperors ups and downs but thanks to the 33rd emperor Mirkan Lu Shana the Empire began to bloom again.Charismatic with a sunny disposition...,The Thriving Legacy of an Ancient Empire.
45,https://archiveofourown.org/works/31023125,Dystopian,Aristia la Monique wakes up not in the past when all of the wrongs and the horrible things havent happened. She wakes in the middle of a nightmare surrounded by enemies and still tender from the lost of her unborn child.Except this time the wool has been lifted from her eyes.,"Wakes up to another reality | Haunted past, new horrors appear"
46,https://archiveofourown.org/works/41229213,Fantasy,You should explain yourself you knowAristia La Monique was sitting crosslegged on the floor of the main prayer room of The Great Temple Sanctus Vita.You see after admitting about her first life to all of her best friends Allendis Carsein and especially Ruveliss she came to an epiphany. A revelation. A wakeup call.,*RELIGIOUS EPIPHANY IN TEMPLE*
47,https://archiveofourown.org/works/30734675,Fantasy,She looked on as the lifeless body on top of the transmutation circle merely moved his finger. A faint smile curved upon her face as a single tear ran down her cheek. Time seemed to have stopped for them. She knew her hour has come. The moment that delicate thread of fate connecting them eternally was forced to snap by the people she loved. A distant chipping sound was heard. She did not mind.,Her love's final gesture
48,https://archiveofourown.org/works/41075265,Mystery,What the heck Aristia what is wrong with you Youre choosing the guy that killed you instead of the one that supported you I mean I get that he changed in the second life but...what about my dear Carsein... The hc hair girl softly shouted in the middle of the night not wanting to get scolded by her parents. Especially her mother.,Girl chooses troubled guy over loyal friend in parallel lives.
49,https://archiveofourown.org/works/24893758,Romance,People says old habits die hard. This is especially true with Aristia La Monique the only daughter of Marquess Monique currently the Crown Princess candidate of Castina Empire. She spends her wholeadmittedly not that longlife studying all sorts of things fit for an Empress. Among that one specific subject has been ingrained in her being ever since she was little etiquette.Needless to say Aristia plans to no longer being excellent at it.,Aristian tries new experience despite upbringing
50,https://archiveofourown.org/works/27119444,Adventure,Ilya thought that she was done for.Her family her faction her lifeit was all done for the moment Aristia La Monique decided that she wouldnt even fight for what has been her duty since birth.,Desperate daughter rebels against fate
51,https://archiveofourown.org/works/40093326,Fantasy,The Temple gave a giant orb which gives out tasks you must do and if you do it you get a prize if not one of your secrets will be exposed. The ball has started and the Emperor said that the temple has gives him one of the Orbs and turns it on.,Secret-revealing orb ignites challenge.
52,https://archiveofourown.org/works/38676423,Adventure,Time travelled Title Head Body A warm day birds chirping maids working me... RegrettingREGRETTING EVERY THING THAT I DID IN MY PAST LIFEWhy Because I want to promise to be a begger version of myself if I ever go back to my last life. Why Because I am in hell now You might have guessed but I have time travelled in a novel called Abandoned Empress.,The arrogant princess regrets past mistakes.
53,https://archiveofourown.org/works/39477897,Fantasy,Athanasia de alger obelia was frame of poisoning the first princess of Obelia and her beloved father who she did everything to even gain some of his love but whatever she did to gained her fathers acceptance never work.,Scheming daughter's deception exposed
54,https://archiveofourown.org/works/39907413,Fantasy,After photographing the island from the air Aurora steered the glyph down aiming for a stretch of beach as pale as bone.Her eyes flickered toward the half of the landmass shrouded in darkness but instead she landed on the slightly sunnier shore and clambered overboard. Here she said to no one in particular to the twilight air of the twentysixth island that had surged from the sea just days before.,Pirate Aurora jumps off plane onto sandy beach.
55,https://archiveofourown.org/works/47642719,Drama,There was a big party planned at the Herb of Grace the beloved home of General George Eliots family on the Hampshire coast. The oldest son Ben Eliot was about to celebrate his birthday.,Lavish Birthday Party at Seaside Estate
56,https://archiveofourown.org/works/30907322,Fiction,Mary have you ever been to Scotland asked Rosamund Kane Lady Kentisbury as she packed for her return to the castle at Vairy. She and her children had been evacuated there earlier in the war. Mary Devine known to her friends at the Hall as MaryDorothy was secretary to Lady Joy Quellyn a writer of books and confidante of all the Hall residents former and present. No said Mary not that I recall.,return home from war-time evacuation with her children
57,https://archiveofourown.org/works/29930226,Fiction,Ambrose sat for a time each night in the silent space that had been the great church of Grace Dieu Abbey. Nigh on seventy years ago the soldiers had come with their crowbars and axes the plundering villagers with their ladders swarming over the roof to pull away all the lead they could find.,soldiers looted church for lead
58,https://archiveofourown.org/works/27972263,Fiction,Joan Fraser with her husband Lennox known as Len and their baby John had finally settled in the Herb Garden their new home nestled in a quiet corner of the Grace Dieu Abbey grounds. Joan Raymond who had inherited the Abbey on the death of her cousin Joys grandfather Sir Antony Abinger had agreed to the younger Joans request to sell part of the grounds to them so they could build their house.,Homemakers nestle in quiet corner of Grace Dieu Abbey.
59,https://archiveofourown.org/works/75096,Fiction,Nell Masterman hurried home through the darkening London streets. Her brother would probably be waiting for her by this time for they were expected for dinner at the home of a great friend of his.,Tense family dinner ahead
60,https://archiveofourown.org/works/9493139,Fantasy,Tony poked his computer although he really didnt have any illusions about coming up with a lead. Lance Corporal Richards had been into some shady stuff but it wasnt the sort Tony could investigate. Give him a strip club or a BDSM club or a country club or even a gay club and Tony could slide right into the role. He could wear a thousand masks some hed worn for years.,Lone detective pursues thread of tawdry vice.
61,https://archiveofourown.org/works/39619761,Fiction,Concurrent with fair dealing clauses of the Copyright Act R.S.C. 1985 c. C42 of Canada and fair use clauses in copyright legislation in other nations this is a work that was created solely for entertainment purposes. Furthermore it is posted freely on the Internet without expectation or requirement of remuneration.,An adventurous princess travels to find love and happiness outside her kingdom.
62,https://archiveofourown.org/works/29949861,Fantasy,Harry povHarry was running running as fast as he could it was the one thing he was good at.Running away from his cousin Dudley and his mean friends. Clutching his brown lunch given to him by his teacher when she realized he was the only kid at the schools picnic that didnt have one.,"Boy chased, runs with free lunch."
63,https://archiveofourown.org/works/24510304,Fiction,Concurrent with fair dealing clauses of the Copyright Act R.S.C. 1985 c. C42 of Canada and fair use clauses in copyright legislation in other nations this is a work that was created solely for entertainment purposes. Furthermore it is posted freely on the Internet without expectation or requirement of remuneration.,1980s-inspired office setting
64,https://archiveofourown.org/works/19427545,Mystery,The Winchester family was a force to stay away from. Each member carried with them a very long list of creatures they destroyed along with an endless list of everything they would do to make sure their loved one was safe and alive. It all started with John Winchester the father.,They protect at any cost
65,https://archiveofourown.org/works/24768523,Horror,For a place that is called the city that never sleeps there are some things in New York City that slip through the cracks. Forgotten sometimes for a good reason. Alexei should be asleep by now. Hes 13 after all and those 8 hours of sleep should be important to him.Unfortunately hes not in his room.Hes in a dark alley in the Big Apple waiting for someone.,Daring street encounter at midnight.
66,https://archiveofourown.org/works/20874956,Fantasy,Sometimes the heroes dont win. Sometimes they do. But victory for the living doesnt last forever. And neither for the dead. Henry knew this long before he ever met Abraham. But now the concept rang painfully true as he watched his protege and friend suffer through the last moments of his life. It was terrible. It was sickening. Abe was sprawled out on a bed unable to move while Mary held his hand.,Intense battle with no clear victory
67,https://archiveofourown.org/works/46086385,Romance,December would never get used to the cold side of the bed. Just nine months ago there was a warm body there. Nine months ago there was a girlfriend snoring next to them. Nine months ago December had a hero in their arms they felt like Hyacinthus cradling Apollo but by those terms they should have died. Nine months ago.,Warmth turns cold after love dissipates
68,https://archiveofourown.org/works/38542450,Dark Fanrasy,This is a work of FICTION made by and for adults. The following chapter includes depictions of trauma cutting minor bleeding and unintentional suicide. Reader discretion is advised.As the waning moon rose in the near dark of twilight a young woman turned her head swiftly towards a faint glow in the distance disturbing her frizzy ginger locks.,"Horrific encounter with an unidentified light source while walking alone at dusk."""
69,https://archiveofourown.org/works/50222629,Comedy,Jens Cis 1In the beginning God yeah him decided she wanted to be productive So she just kinda grabbed a whole bunch of lumpy space lumps and went WABOOM And created the Heavens and the earth. The earth was all lonely and shit and like SUPER dark.,She crafted vibrant worlds from chaotic matter.
70,https://archiveofourown.org/works/43641643,Fantasy,Legacy of the Moon Arc I Forbidden End Chapter 1 Prelude to Chaos Around 1100 years ago Bernhard Castle somewhere in presentday Europe The very history of mankind is the witness that in the race of overthrowing each other its been several times that humans have made pacts with otherworldly entities especially the evil ones which dwell in the dark realms of this universe.,Power-hungry kingdom seeks ancient power
71,https://archiveofourown.org/works/47924275,Adventure,Blaine woke up on Sunday morning to the sound of rain pitterpattering against the skylight window. Gosh he loved Germany. The fact that it actually rained more than once or twice a year was a refreshing contrast to the weather in Mesa. And springtime it seemed was when the skies really opened.This was his first spring here after arriving late last summer following his postgraduation weeks in the Missionary Training Center.,Waking up to rain on a German Sunday morning
72,https://archiveofourown.org/works/50173360,Drama,Isabella Knockwood laid on her bed looking at the ceiling wondering how her life had ended up like this. Broken home divorced parents alcoholic dad the list went on. Her mother left her and her younger sister Mary with their father after the divorce papers were filed moving off the reservation to some place in Halifax never coming back.That had been a year ago and things hadnt improved since.,Childhood trauma halifax home.
73,https://archiveofourown.org/works/48283102,Fantasy,Take the children desperately he pushed Selina aside. In the place where the woman was a large crater appeared from which a smoldering flame crackled. Ludger didnt pay attention to what was going on behind him studying the picture in front of him. To feel the tension growing with every minute... This was the main rule if you wanted to win in a deliberately uneven fight.,"Desperate man distracted by art, ignoring danger."
74,https://archiveofourown.org/works/45538423,Fantasy,So Ludgernim really was a soldier Selina mumbled trailing off before asking the man himself.What was it like in the militaryIt doesnt matter.Ludger hadnt actually been a part of the military so there wasnt anything he could say although perhaps it was similar to his time as a mercenary. His colleague still gave him a respectful look praising him.,Military veteran refuses discussion about past.
75,https://archiveofourown.org/works/48856636,Fantasy,Ludger glares at the marionette standing infront him yes a marionettehed probably die if he actually looked at him like that hes only a seq 4 for Evernig.is something wrong with that I cant even get tired anymore Merlin twirls hes silk hat around hes gloved fingerhe had no reason to act like merlin hermes when hes in front of ludger.,glowers at a threatening marionette
76,https://archiveofourown.org/works/46639645,Adventure,Evacuate the students to a safe place Ill hold up here.Understood.Though Selina was reluctant to leave Ludger behind she knew that the situation was urgent and it was no time to be worrying after all he used to be in the military and had already displayed his overwhelmingly skilful control of magic.She hurried the students protecting them from the barrage of incoming projectiles with her spirits as they left the scene.,"Urgent evacuation, dangerous situation"
77,https://archiveofourown.org/works/47038357,Mystery,Simplicity has its limits your interests dull my eyes Grander had said monotonously carefully watching and waiting to prey on the reaction of her disciple.Beauty lies in the eye of the beholder he replied with a classic proverb not daring to further disappoint the elder.Their journey to the city of a nearby country had encountered a dead end.,Travelers face unexpected obstacle.
78,https://archiveofourown.org/works/48654580,Adult,Ive been reading a lot of QA fics lately but there are several series that I would love to ask questions about but I havent seen anyone include. And so I decided to write one myself. Aside from this one Ive also got a few others in mind like a FemboyShota QA a Loli QA for those who want to just ask about regular Lolis a Vore QA and a Slave QA.,The world's most expansive question Answering Festival!
79,https://archiveofourown.org/works/49452106,Adult,As promised in the introduction of my Futa Loli QA heres one for Femboys though aside from Canonical Femboys you can also ask questions regarding regular male and female characters that are turned into Femboys personally I mostly wanna get questions regarding cute female characters that are turned into Femboys.,Cutie transforms from girl to boy
80,https://archiveofourown.org/works/20098381,Drama,Several minutes after midnight I finally dragged myself to the front door and tiredly waved my cardkey in front of the locking mechanism. A little red light told me Id improperly held the card or something. Groaning I tried a second time. This time thankfully the light was green. I grasped the handle and pulled the door open. The apartment sat in silent darkness.,Mysterious Late Night Door Opening
81,https://archiveofourown.org/works/43166505,Fiction,A dying cosmic entity from beyond the multiverse in search of someone to inherit its cosmic power has looked through millions of multiverses and has finally found someone with the infinite potential for its power. A certain boy who wishes to be a hero of justice and as the entity looked into countless versions of this boy it found the right one although this versions love for justice went beyond his ideal.,A dying cosmic entity seeks worthy heir for infinite power
82,https://archiveofourown.org/works/45664510,Drama,1 Rick Billings was all things considered a little nervous. Now this wasnt particularly uncommon. So many things had occurred in Ricks life over the past few months that his most recent experiences had all consisted of one bout of nervousness to the next. And it wasnt like he lived the most exciting life before all this. That said at least his friends had begun to expect it now.,"ick Billings, overwhelmed with anxious anticipation."
83,https://archiveofourown.org/works/43483821,Fiction,Octavia always hated school. Not because it was hard or because she was bullied. She was pretty good at just avoiding anybody troublesome so long as they werent faculty. The issue was that she hated being seen. She abhorred drawing attention to herself even the slightest look in her direction made her want to shrink deep into a hood that didnt exist to hide her face.,"Underperforming, undervalued overachiever seeks anonymity"
84,https://archiveofourown.org/works/41869827,Sci-fi,The Normal Duel Field Purgatory Stage. Graphite Edge and Green Grandee had accelerated for a small talk using a connection that was practically impossible to break through or eavesdrop. They were discussing what should be done about Brain Burst now when Grandee suddenly brought up a different matter. Lotus she has reached Level 10 hasnt she Yes she has. Graph nodded. Then the end is here at last for Trial 2.,The two accelerated to discuss privately.
85,https://archiveofourown.org/works/41817792,Dark Fanrasy,She grasped at her mother begging her not to go. The woman sneered down at her like a bug before kicking her away her small fragile body rolling across the ground. Her classmates stared down at her as if she were nothing turning away from her as inky darkness swirled around her. She ripped and pulled desperate to get free of the darkness reaching out.,"Mother kicks daughter away, peers laughing ."
86,https://archiveofourown.org/works/40837218,Fantasy,It was a rather calm day in Ainground. After having dealt with the prior events of Genesis trying to seemingly destroy Ainground and create the world of Aincrad in Sword Art Origins. Kirito and his group were finally able to relax even having finally befriended Tia after her end of things. They all sat around at one of the restaurants in game discussing what they would be doing next.,Quiet day in Aincrad with friends over lunch
87,https://archiveofourown.org/works/43212090,Drama,It was a nice day out relatively peaceful in the trailer park I called home. My cat and I had just spent our morning half hour outside the cat roaming about his mesh tent and tunnel setup me reclining in my chaise lounge. The cat was now back inside enjoying his promised treats. I however had chosen to go back outside to enjoy the cool midday weather.,Relaxing morning in trailer park with pet cat
88,https://archiveofourown.org/works/42494634,Sci-fi,The Discovery Altair VI a decent enough world to live on. Scientifically and technologically advanced as a member world of the Federated Sentient Planets they still managed to import some rather quaint artifacts from Earth. Like the restaurant Akadeanna Kestrel was now sitting in enjoying lunch and a respite from her university studies into ancient societies.,Sassy intergalactic restaurateur ponders life choices.
89,https://archiveofourown.org/works/12604300,Sci-fi,She was tired of it all. Tired of the fear. Of the running. Of hearing about yet another glorious day with the great Emperor Zarkon in charge. She was tired of her people having only the Fleets of only hearing legends about Vhiliinyar. Of every single Linyarii born bleached by the touch of space.Naayli was tired and she wasnt standing for it anymore.,"Tired of oppression, Naayli fights back."
90,https://archiveofourown.org/works/10899000,Fantasy,Son Goku had just gathered himself an armful of tasty pears for breakfast when he heard a loud crash. It sounded like it was coming from the edge of the forest. He dropped all but one of the pears which he crammed in his mouth as he ran to see what had made the noise. There was a crater next to Grandpas house. In the middle of it was a pod.,Strange object discovered in forest near home
91,https://archiveofourown.org/works/3970141,Sci-fi,She knew him everyone knew him Elder the future leader of the ship so when she saw him running from the Hospital one night after the solar lamp clicked off she thought it was a little strange. Typically when she saw him he was dignified mature even if he was ten years younger.,"She knew him, unusual late-night run"
92,https://archiveofourown.org/works/690121,Romance,It was almost dark now only a small thumbnaillike portion of the higher sun was poking above the horizon. Stella knew she should be heading back toward the base if she was to make it to the mandatory meeting Zane arranged for the evening but her feet kept on pulling her forward.,Mysterious woods pull lonely wanderer deeper
93,https://archiveofourown.org/works/23872723,Drama,July 4 2015 Saturday Dear Diary Let me introduce myself. My name is Alexander and I am 13. For some reason everyone calls me Allie. I have long shoulderlength hair that is a small bit curly under my ears. I usually sweep it to the right to keep it out of my eyes.,"young teenage girl with medium-length, curly hair"
94,https://archiveofourown.org/works/17338454,Romance,Waking up to gentle snoring behind me I could feel one of Jakes strong and warm arms wrapped around my naked torso. His front was pressed up against my side while I could hear his gentle snores next to me. I smiled inwardly. it had been a while since Jake and I had not only woken up together but been able to have dinner together and spend a very pleasant night together.,Warm embrace on tranquil morning
95,https://archiveofourown.org/works/9841136,Romance,1There are times I would have had to admit well mainly to myself that my life has had quite a few dramatic moments. For instance being Jake Riordans boyfriend did have its moments some a bit rockyOk extremely rocky ones.But the good ones outweighed them by a ton. Especially when he asked me to become his fiancé. Well things were definitely becoming much more interesting.,Dramatic relationship with ups and downs
96,https://archiveofourown.org/works/2009544,Romance,I had been working on part of Cloak and Daggers inventory making sure to enter a few new collectibles I had managed to track down a few weeks ago when there was a knock at the office door. It was early afternoon sunny and warm on this particular summer day though you wouldnt have been able to tell from being in the back office.,Summer workday interrupted by an unexpected visitor
97,https://archiveofourown.org/works/23380504,Drama,Helen Blythe glanced over the wares in the marketplace. She and her sisters Margy and Rose were there looking for things to liven up their new apartment as well as shop for groceries. It had been a few weeks since they moved to New York City after the death of their father.,"In need of home essentials, sisters browse marketplace."
98,https://archiveofourown.org/works/12437532,Drama,ISLAND July 10th 1944 Letter from Alison Mannering to Polly Sullivan Darling PollyYour offer a little while ago to take the children for the holiday was very kind and meant in the spirit of reassurance but Im afraid I may have to ask if that offer still stands To put it simply Im struggling.,1940s Wartime Family Struggles
99,https://archiveofourown.org/works/23901442,Adventure,The character lists are on The School of Adventure this is a sequel continuation..,Dark forest magical school adventure.
100,https://archiveofourown.org/works/23900719,Adventure,A brief introduction The Triplets mainly Len have started a school at Kirren Bay. Their main students so far are children of young adventurers and relations such as Felix and Felicity Maynard Kevin and Kester Russell and Lens own step children John and Josie Kirren also twins The school is set up for both mainstream education and also alternative approaches to keep the young adventurers interested.,Adventures in coastal town school.
101,https://archiveofourown.org/works/866713,Adventure,1947George Kirren and her cousins Julian Dick and Anne sat in the car thoroughly bored with the journey. I still think its a stupid idea muttered George. Itll just be another excuse for the press to try to catch us out in a lie about our adventures and its getting really boring. Julian ignored her his nose in a book.,"Stuck on long car ride, dissatisfied with the journey"
102,https://archiveofourown.org/works/11835996,Comedy,Dinah has often been characterized as rather temperamental what old women like to call incorrigible and modern behind her back but that doesnt mean that shes overreacting. Not at all.Honestly only half of the anxiety shes feeling is due to the train fiasco she thinks as she sets her small suitcase down on a bench nearby.,Train delays cause Dinah distress
103,https://archiveofourown.org/works/47921542,Fantasy,The Great Sorcerer Zed Kagari and his husband High Cleric Micah Kagari got married on a warm winters day. Which sounds weird but actually Zed just used some magic so that it was warm outside. They were 28 years old when it happened and were covered in many more scars than when they started dating mental and physical.,"Warm Winter Wedding, Magic and Scars"
104,https://archiveofourown.org/works/47650684,Mystery,Brock was not the perfect adventurer. This wasnt news to anyone. Liza was the perfect adventurer. Zed wasnt perfect but he sure as Fie came close. Even Micah was a better adventurer. Brock on the other hand was more suited for the covert operations of being a spy and a thief. He didnt go around stealing things willynilly. He wasnt stupid. He was practiced. He was good at what he did.,Brock is an imperfect adventurer compared to others.
105,https://archiveofourown.org/works/41170635,Fantasy,3rd POV POOF She heard something was it someone talking. Wait whats a someone or a something. What am i even doing Who even am i Izanami thought too her self.,"Mysterious sounds in darkness, self-doubt."
106,https://archiveofourown.org/works/38547186,Fantasy,Heden descendant of Wóden Gyda Children of Heden Beorn Eoh Mildwyn Children of Eoh Ottor Wǽfre Eriol Cwén Naimi Éadgifu Elves of Arda Children of Ottor Wǽfre and Cwén Hengest Horsa Children of Eriol and Naimi Éadgifu Vorindo Heorrenda Fíriel of the Last Ship who saw Círdan Celeborn and Galdor of the HavensErmon and Elmir first Men to be Woken by Nuin the elf.,Dark Age Elves awaken Lost Trawler Survivors
107,https://archiveofourown.org/works/41433543,Thriller,A man moved through the shadowed alleys and streets to avoid being seen by less than forgiving eyes. Everything felt heavy inside him hunger and exhaustion sapping every ounce of his being from him and making the wanderer dizzy as thunder clouds overhead threatened to downpour any second. I must keep moving... So weak... Wait...laughter...children...must go..no...must..keep..going...to ...wHerE...,Wanderer escapes inebriated city streets
108,https://archiveofourown.org/works/42178203,Fantasy,Prologue Wedged in amongst the gray office blocks and shopfronts lies a quaint three storey red brick building. If we were to climb the eight elaborately tiled steps and stand upon the landing before the carved double doors we would find the commemorative stone laid by Alexander Roberts Esq when the building was first commenced so long ago.,Classy yet neglected venue with mysterious past.
109,https://archiveofourown.org/works/38834205,Romance,The Nautilus was above the oceans surface so she could absorb what she needed from the sun before her captain sent his beloved ship beneath the safety of the waves once again along with her loyal crew.The crew and the league took advantage of the day to go onto shore for personal items or even just to enjoy a stroll on a surface that didnt move.,"The sun-seeking Nautilus prepared for descent."""
110,https://archiveofourown.org/works/32546833,Drama,When Tom was five years old his mother had gone away for what he assumed was an indefinite amount of time and Aunt Polly had neatly packed up all of his belongings into boxes his clothes and his toys and the little books with golden spines that Mama read nightly to him in bed.,Small boy's life put into storage.
111,https://archiveofourown.org/works/16581383,Drama,17891797 George Washington IndependentWashington was the first American President and in the opinion of many the best. Washington had previously served as commander of the American armies during the Revolutionary War where he had slain hundreds of redcoats single handedly riding on his giant bald eagle.,1789 Independent Eagle Rider slays Redcoats
112,https://archiveofourown.org/works/46597225,Drama,The persistent tapping of Hardins boot against the leg of my desk sends me over the edge. How am I supposed to study with the nuisance that is Hardin Scott. Steph decided it would be best for him to wait here our dorm room for the time being while her and Tristan make a stop at the corner store for alcohol. If you ask me Id say theyre doing more than buying alcohol.,Annoyed by persistent visitor
113,https://archiveofourown.org/works/44511247,Adventure,Terry I hear my father cry out with her voice. The source of the voice down the stairs. I cry to myself at the lack of sleeping in any longer and spring from my cramped yet inexplicably comfortable and happinessinducing cot. Its provided my so much pleasure over the years I will surely miss it in my new phase of life.,"Mother cries out downstairs, leaving restless child to bid farewell to beloved bed."
114,https://archiveofourown.org/works/43310733,Drama,Love Saves All Part 1 Tessa POVTessa Young smiled as her eyes grazed across the beautiful brick building that stood sturdy before her. The day was finally here. Her first day of college. She felt a small tug on her hand that eventually guided her forward through the crowd toward the building which displayed a sign that read Declan Hall.,Young woman starts new chapter with sense of excitement
115,https://archiveofourown.org/works/42067440,Romance,Hes more myself than I am. Whatever our souls are made of his and mine are the same. Emily Bronte Wuthering HeightsBath United Kingdom Told from Tessas P.O.V.I knew I should have hopped off my bike when it started pouring and I do mean pouring. It hadnt been raining for two minutes and I was already drenched. The bikes wheels wobbled worryingly on the cobblestones.,Dramatic Romantic Bicycle Ride in Rain
116,https://archiveofourown.org/works/37265083,Drama,Tom schaute aus dem Fenster des vollgepackten Tesla Model 3. Mit einem Ohr hörte er Tonys Monolog über die besten Jahre seines Lebens die ihm nun bevor stünden. Er erzählte von allen Mädchen die er schon auf Instagram angeschrieben hat. Sie waren noch nicht mal in Cambridge angekommen und schon schien es als wäre Tonys Terminkalender bis zum dritten Semester mit Partys und belanglosen Dates ausgebucht.,New wealthy party boy seeks similar experiences
117,https://archiveofourown.org/works/37323538,Adventure,Hi Dear Friend reading thisIve made a decision. I may never emerge alive from this but I am determined. I will be reading After the fanfic. Note I will not comment on the movie or the book. I am going to be reading the fanfic the original the place where it all started. I am going to be writing notes every chapter commenting on everything from the plot to the characters to writing style.,Daring adventure into unknown depths.
118,https://archiveofourown.org/works/37266226,Drama,Tom looked out the window of the packed Tesla Model 3. With one ear he heard Tonys monologue about the best years of his life that were yet to come. He talked about all the girls he has already written to on Instagram. They hadnt even gotten to Cambridge yet and it seemed like Tonys thirdsemester schedule was filled with parties and casual meaningless dates.,"Sunny day, car ride, future plans"
119,https://archiveofourown.org/works/30992711,Drama,Growing up I always knew life would never be easy or simple. I understand there will be complications along the way despite being sheltered by my mom. I understand I will not get what I want like a fairytale princess romance relationship. I understand relationships will have hard times and easy times. I understand growing up will be a rollercoaster of emotions and trials.,Challenging journey toward self discovery.
120,https://archiveofourown.org/works/30333903,Drama,HeroIm late. Again. One more time and I can consider myself fired. I keep forgetting to set my fucking alarm its been hard getting used to US time after 23 years in London. Its not like that tired old excuse will fly with my boss though. I have been living in California for almost two months after all.,"Running late again, stressful job at stake, new city life struggle"
121,https://archiveofourown.org/works/32734090,Fantasy,Normally when you imagine a halfdrowned panicstricken person crawling out of the surf to frantically scrabble their way above the high tide line and collapse behind a rock you imagine someone nominally human. You know two arms two legs the works. You expect it to be after an unfortunate boating accident perhaps a wreck or even just a swimmer towed out by the rip tide and very happy to be back somewhere safe.,Desperate escape from watery doom
122,https://archiveofourown.org/works/43178277,Thriller,The Kid Detectives Network Presents The Rescue August 18 2025. 400 PM EST. Phoenix Arizona. The footage starts with a Caucasian male sitting at an interview table silently reading through a large file in front of him. A tape recorder rests on the table next to him clearly going. Directly across from him is a lone figure left wrist wrapped in a makeshift cast.,Desperate man seeks missing person.
123,https://archiveofourown.org/works/35689690,Drama,Agatha padded around the rented Chelsea flat. It was spacious and comfortable. One advantage she thought of having spent the early decades of her life working her ass off with very little regard for friends or distractions was that now when she needed money to throw around she had money to throw around. She took stock of her current circumstances.,Agatha enjoys comfortable retirement.
124,https://archiveofourown.org/works/23638744,Comedy,Its all Roys fault. A lot of things in Agathas life have been Roys fault. Her dreadful milestone birthday shes absolutely not going to think about which one because a lady never tells her age and shes not technically a lady but she still doesnt want to think about it the thing with the stripper and then the terrible Carsley School Gala which in hindsight was mostly her fault but shell easily blame Roy anyway.,Absolutely avoids dreaded milestone birthday
125,https://archiveofourown.org/works/38918361,Romance,Farmboy Jude lifted his head toward the voice his beautiful Anton. Judes family had been working for Antons family for many years and as his mother took care of Antons mother Jude cared for Anton. Jude raised an eyebrow in response to Antons call. Fetch me some water. As you wish. That was all Jude ever said to Anton.,Farm boy responds to master's command.
126,https://archiveofourown.org/works/36120361,Fantasy,Act I The Keeper of the Word Chapter 1 Beru When I was eleven I wrote a love letter to Hector but chickened out and gave it to Ephyra instead. It was a memory that was both embarrassing and funny embarrassing when it happened but quite humorous in hindsight.,Beru's secret letter causes misunderstandings with her friends
127,https://archiveofourown.org/works/35114968,Romance,Whatever It Takes Chapter 1 Gone Anton was gone.At first Jude didnt realize it. He didnt want to realize it. Instead he looked and searched and used his Grace looking for a sign of him for any sign something that would lead him to the boy he loved.,"Gone without a trace, love searches frantically"
128,https://archiveofourown.org/works/34705672,Horror,ANDREW Before him knelt a priest begging for his life. They were in a moonlit room one that gave a perfect view of the City of Faith. I swear it I wont hurt them anymore. Have mercy I will repent. He cried hands reaching for Andrews boots. He crushed them beneath his feet satisfied by the crunch that followed. Something like rage swirled beneath his skin a deep emotion.,Moonlit room view of Faith
129,https://archiveofourown.org/works/34096480,Romance,The Last Prophet You dont believe its Hector but you still want it to be him.Its such a selfish thought a thought you are not allowed to speak out loud but a thought that stays with you throughout the years. Maybe its because you love him. Maybe its because he doesnt love you.Or maybe its because you are drawn to the things you cannot have.You dont know. It doesnt matter.,The Lost Desire
130,https://archiveofourown.org/works/33831340,Romance,The First Five Days First Day Take your clothes off Anton says.Jude freezes. What He must have misheard. There is no way Anton is saying what Jude thinks hes saying. Take your clothes off.Anton rolls his eyes. If I wanted to see you naked I would say so Jude. But right now I care more about not being recognized. Thats why we have to change our clothes.Judes cheeks flush pink.,Change Clothes to Hide identity
131,https://archiveofourown.org/works/33105919,Dystopian,The Lights Touch Jude is five when the full weight of his destiny settles on his shoulders.Its the day his father tells him Now your training will begin. But its also the day his father tells him From now on dont allow anyone to touch your skin.Why Jude asks. He doesnt understand. And so his father explains.,Boy's secretive destiny starts with isolation
132,https://archiveofourown.org/works/31663064,Romance,Ephyra Shara Word of advice Never turn your back on lowlifes. Its something Shara had to learn as well so shes glad she can share this advice with others especially with such a suspicious looking girl. Not that Shara minds her appearance in fact she loves suspicious looking girls. She is already thrilled to learn her story although she would never admit that.,Thrilled to hear dangerous tale
133,https://archiveofourown.org/works/31102808,Drama,I have to do this. Hes back.His lungs contract and Anton can barely breathe. Seeing the lake again is even worse than he expected. Memories assault him like his brother used to do horrible memories he wanted so badly to forget. He is shaking his knees give way under him but Jude doesnt let him fall. He is there by his side like always. He supports him in more ways than one.,Poor guy relives painful past at lakefront
134,https://archiveofourown.org/works/41532681,Romance,Do you love me Halaflora asked a kind shimmer in her eyes as she looked up at him. The Copper chuckled and pressed his head against hers Of course I do. Halaflora hummed she had such a lovely voice her boney frame doing its best to scooch closer to her mate.,"She treasures his affection, he glows with contentment"
135,https://archiveofourown.org/works/33562756,Adventure,We exited the portal like we had many planets before. I took in the scent of the air. Dry. Great. This is so great Heather another world. My boyfriend well more like my fiance Casey said from next to me. We were experienced travelers and had all we needed and nothing more really. We were Beastials Anthro Beastials. I was a Pureblooded Blacktip shark beastial anthro. Try saying that five times fast.,Savannah landscape vast dry plains
136,https://archiveofourown.org/works/33562567,Drama,I couldnt take it anymore. The insults the rejection the loneliness My hooves hit the ground hard and fast. My vision was blurred as I let out my cries and sorrows to the moon. Im Button Mash and Im a loser. Fourteen and no cutie mark the filly of my dreams or at least my crush since I was nine rejected me for that dragon Spike.,Broken-hearted horse flees to the moonlight.